<BackupInst xmlns="http://www.microsoft.com/GroupPolicy/GPOOperations/Manifest"><GPOGuid><![CDATA[{6AC1786C-016F-11D2-945F-00C04fB984F9}]]></GPOGuid><GPODomain><![CDATA[runcmd.local]]></GPODomain><GPODomainGuid><![CDATA[{94c27a5a-2cf7-4904-a724-b46e6226b935}]]></GPODomainGuid><GPODomainController><![CDATA[WIN-HANMPT85F97.runcmd.local]]></GPODomainController><BackupTime><![CDATA[2018-03-01T01:44:59]]></BackupTime><ID><![CDATA[{F88567EC-44EB-4C54-856C-02B449245AB1}]]></ID><Comment><![CDATA[FINAL_DEFAULT_DC]]></Comment><GPODisplayName><![CDATA[Default Domain Controllers Policy]]></GPODisplayName></BackupInst>
